task,board,published_ms,recomputed_ms,difference_ms,run_ids,retained_over_total,session_p99_ms,source
kws,f401re,158.98698,158.985,-0.00198,019f366f-357b-7820-b347-949b9832f1e8|019f3d8a-7a6e-7f92-81de-8e9e49eb795a|019f43e6-85da-76c2-a654-e834f3f159a7,202/202|202/202|202/202,158.98199|158.98698|158.985,data/p3_mcu_matrix.db results.duration_ms
kws,nano33,224.23622,224.23622,0.0,019e5da7-ef3e-7830-94a8-2ef6f6845b8e|019e674c-cd81-7243-9470-a0d817a5b26d|019e756b-3d0c-7610-be25-85b897d45d51,271/313|140/143|127/143,224.251|224.23622|224.16114,data/p3_mcu_matrix.db results.duration_ms
kws,esp32s3,106.518,106.518,0.0,019e5d8a-b23b-7c12-a163-1a0d0496eaa9|019e653b-a89f-72b2-a648-adc974d864fc|019e71e7-8c70-7521-907f-5825a87931ad,640/657|292/300|284/300,106.518|106.51609|106.53617,data/p3_mcu_matrix.db results.duration_ms
ic,f401re,755.50026,755.50026,0.0,019e7598-6637-7dd0-974b-881675b0bedc|019e759a-52b9-71e0-8769-486b450e2244|019e75fe-9c3b-7061-9423-2831fac5798d,92/93|92/93|93/93,755.50109|755.50026|755.49216,data/p3_mcu_matrix.db results.duration_ms
ic,nano33,1233.22676,1233.22676,0.0,019e5daa-6c50-77d2-a24c-6ff624d22cc5|019e674a-f6b6-7092-a5d0-b84111bc0858|019e7569-6922-7123-be2a-5478fcbd3e5f,54/57|26/26|25/26,1233.25414|1233.0635|1233.22676,data/p3_mcu_matrix.db results.duration_ms
ic,esp32s3,551.08,551.08,0.0,019e5d8c-b9d7-76c1-ad1d-320a29516ca4|019e653a-5889-71d1-8252-562d3a20e2e2|019e71e6-290e-70a0-a30c-fc3b5f797aba,127/128|58/59|58/59,551.08|551.07715|551.087,data/p3_mcu_matrix.db results.duration_ms
ad,f401re,8.181,8.181,0.0,019f3676-d96e-7f10-9907-3586f4f15606|019f3d8d-b3fd-79b2-885f-007399c54367|019f43ea-02f5-7ac0-a2c0-e4fd615f9b08,3942/3942|3943/3943|3943/3943,8.181|8.181|8.181,data/p3_mcu_matrix.db results.duration_ms
ad,nano33,12.448,12.448,0.0,019e5dac-d497-7a52-b3a9-ba11b3f2185f|019e6748-d2ff-7271-90c9-fe0415802f39|019e7567-3aea-7621-9671-32874cf4529e,5636/5636|2575/2576|2576/2577,12.448|12.448|12.448,data/p3_mcu_matrix.db results.duration_ms
ad,esp32s3,11.727,11.727,0.0,019e5d8e-c5c3-7fa0-b798-93347e4afa0f|019e6538-f7b8-76a2-b79c-8353623df07c|019e71e4-ab8b-70a3-a4f0-b894ceb098bf,5964/5965|2724/2727|2726/2727,11.727|11.727|11.727,data/p3_mcu_matrix.db results.duration_ms
