workload,board,sessions,latency_median_ms,energy_median_wh_per_1000,ratio_to_nano,meter,basis
kws,f401re,3,158.926,0.02138173289191419,9.03496371759987,INA219,canonical three-session selection
kws,nano33,3,224.222,0.002366554372571872,1.0,INA219,canonical three-session selection
kws,esp32s3,3,106.496,0.013221435833756132,5.5867872663274705,INA219,canonical three-session selection
ic,f401re,3,755.418,0.07136006152927117,5.209396592799481,INA219,canonical three-session selection
ic,nano33,3,1232.6125,0.01369833535575047,1.0,INA219,canonical three-session selection
ic,esp32s3,3,551.062,0.06763141712022572,4.937199693525863,INA219,canonical three-session selection
ad,f401re,3,8.136,0.0012954467852312104,6.8573830521299355,INA219,canonical three-session selection
ad,nano33,3,12.421,0.00018891270552967557,1.0,INA219,canonical three-session selection
ad,esp32s3,3,11.723,0.0014381879511469657,7.6129763062498,INA219,canonical three-session selection
